{
  "data":[
    {
      "icon" : "http://pic19.nipic.com/20120308/4970979_102637717125_2.jpg",
      "title" : "1"
    },
    {
      "icon" : "http://pic15.nipic.com/20110619/7763155_101852942332_2.jpg",
      "title" : "2"
    },
    {
      "icon" : "http://c.hiphotos.baidu.com/zhidao/wh%3D450%2C600/sign=5547913f8426cffc697fb7b68c3166a6/241f95cad1c8a7862b15ada86109c93d70cf505d.jpg",
      "title" : "3"
    },
    {
      "icon" : "http://pic28.photophoto.cn/20130827/0005018385259706_b.jpg",
      "title" : "4"
    },
    {
      "icon" : "http://pic34.photophoto.cn/20150105/0005018358919011_b.jpg",
      "title" : "5"
    },
    {
      "icon" : "http://pic.58pic.com/58pic/14/26/02/00M58PICHwq_1024.jpg",
      "title" : "6"
    }
  ]
}